yama_url,name,count
https://yamap.com/users/22906/summit-activities?summit=63303,小文字山(福岡),2
https://yamap.com/users/22906/summit-activities?summit=23571,妙見山(福岡),3
https://yamap.com/users/22906/summit-activities?summit=23572,足立山（霧ヶ岳）(福岡),3
https://yamap.com/users/22906/summit-activities?summit=23574,高蔵山(福岡),1
https://yamap.com/users/22906/summit-activities?summit=21433,"市房山(熊本,宮崎)",1
https://yamap.com/users/22906/summit-activities?summit=22684,傾山(大分),1
https://yamap.com/users/22906/summit-activities?summit=22526,大崩山(宮崎),1
https://yamap.com/users/22906/summit-activities?summit=23464,立花山(福岡),183
https://yamap.com/users/22906/summit-activities?summit=63378,松尾山(福岡),77
https://yamap.com/users/22906/summit-activities?summit=63379,白岳(福岡),77
https://yamap.com/users/22906/summit-activities?summit=23465,三日月山(福岡),121
https://yamap.com/users/22906/summit-activities?summit=23274,天拝山(福岡),6
https://yamap.com/users/22906/summit-activities?summit=107265,奥天拝(福岡),6
https://yamap.com/users/22906/summit-activities?summit=23276,基山(佐賀),4
https://yamap.com/users/22906/summit-activities?summit=22675,緩木山(大分),1
https://yamap.com/users/22906/summit-activities?summit=103362,烏帽子山(大分),1
https://yamap.com/users/22906/summit-activities?summit=99883,長尾山(大分),1
https://yamap.com/users/22906/summit-activities?summit=22678,"越敷岳(熊本,大分)",1
https://yamap.com/users/22906/summit-activities?summit=23489,福智山(福岡),7
https://yamap.com/users/22906/summit-activities?summit=22702,石槌山(大分),1
https://yamap.com/users/22906/summit-activities?summit=72872,色利山(大分),1
https://yamap.com/users/22906/summit-activities?summit=22699,元越山(大分),1
https://yamap.com/users/22906/summit-activities?summit=23296,鳥屋山(福岡),2
https://yamap.com/users/22906/summit-activities?summit=23378,岩石山(福岡),2
https://yamap.com/users/22906/summit-activities?summit=15680,若竹山(山口),2
https://yamap.com/users/22906/summit-activities?summit=15819,真名ヶ岳(山口),1
https://yamap.com/users/22906/summit-activities?summit=115001,大正ヶ岳(山口),2
https://yamap.com/users/22906/summit-activities?summit=15820,北山(山口),1
https://yamap.com/users/22906/summit-activities?summit=83960,冠山(山口),2
https://yamap.com/users/22906/summit-activities?summit=15818,烏帽子岳(山口),1
https://yamap.com/users/22906/summit-activities?summit=86648,地獄台(山口),1
https://yamap.com/users/22906/summit-activities?summit=86651,れんげ山(山口),1
https://yamap.com/users/22906/summit-activities?summit=92078,大剣山(山口),1
https://yamap.com/users/22906/summit-activities?summit=92077,小剣山(山口),2
https://yamap.com/users/22906/summit-activities?summit=86649,西の西山(山口),1
https://yamap.com/users/22906/summit-activities?summit=86650,おはち山(山口),2
https://yamap.com/users/22906/summit-activities?summit=15682,龍護峰(山口),2
https://yamap.com/users/22906/summit-activities?summit=15685,経塚山(山口),1
https://yamap.com/users/22906/summit-activities?summit=21139,龍ヶ岳(熊本),1
https://yamap.com/users/22906/summit-activities?summit=96632,烏帽子岳(熊本),1
https://yamap.com/users/22906/summit-activities?summit=21211,念珠岳(熊本),1
https://yamap.com/users/22906/summit-activities?summit=21215,鹿見岳(熊本),1
https://yamap.com/users/22906/summit-activities?summit=21220,白嶽(熊本),1
https://yamap.com/users/22906/summit-activities?summit=94252,中岳(熊本),1
https://yamap.com/users/22906/summit-activities?summit=76203,蕗岳(熊本),1
https://yamap.com/users/22906/summit-activities?summit=21221,金比羅山(熊本),1
https://yamap.com/users/22906/summit-activities?summit=166264,阿岳山(熊本),1
https://yamap.com/users/22906/summit-activities?summit=21303,高舞登山(熊本),1
https://yamap.com/users/22906/summit-activities?summit=23168,金立山(佐賀),1
https://yamap.com/users/22906/summit-activities?summit=23178,金敷城山(佐賀),1
https://yamap.com/users/22906/summit-activities?summit=23365,三郡山(福岡),18
https://yamap.com/users/22906/summit-activities?summit=23350,頭巾山(福岡),24
https://yamap.com/users/22906/summit-activities?summit=22578,"祖母山(大分,宮崎)",1
https://yamap.com/users/22906/summit-activities?summit=23238,鏡山（領巾振山）(佐賀),1
https://yamap.com/users/22906/summit-activities?summit=23255,"脊振山(福岡,佐賀)",6
https://yamap.com/users/22906/summit-activities?summit=77831,"唐人の舞(福岡,佐賀)",6
https://yamap.com/users/22906/summit-activities?summit=26862,沓掛山(大分),6
https://yamap.com/users/22906/summit-activities?summit=26866,白口岳(大分),6
https://yamap.com/users/22906/summit-activities?summit=26868,立中山(大分),3
https://yamap.com/users/22906/summit-activities?summit=22823,大船山(大分),11
https://yamap.com/users/22906/summit-activities?summit=23359,宝満山(福岡),48
https://yamap.com/users/22906/summit-activities?summit=15415,竜王山(山口),1
https://yamap.com/users/22906/summit-activities?summit=86468,桜ヶ谷(山口),1
https://yamap.com/users/22906/summit-activities?summit=86469,汐見岩(山口),1
https://yamap.com/users/22906/summit-activities?summit=86470,一枚山頭（広瀬コブ）(山口),1
https://yamap.com/users/22906/summit-activities?summit=15435,鬼ヶ城(山口),1
https://yamap.com/users/22906/summit-activities?summit=23568,花尾山(福岡),2
https://yamap.com/users/22906/summit-activities?summit=89712,内藤陣山(福岡),2
https://yamap.com/users/22906/summit-activities?summit=23569,帆柱山(福岡),2
https://yamap.com/users/22906/summit-activities?summit=89520,椎ノ巨木山(福岡),2
https://yamap.com/users/22906/summit-activities?summit=23565,皿倉山(福岡),4
https://yamap.com/users/22906/summit-activities?summit=24188,俵山(熊本),2
https://yamap.com/users/22906/summit-activities?summit=23307,英彦山（中岳）(福岡),9
https://yamap.com/users/22906/summit-activities?summit=87090,鋤先山(福岡),1
https://yamap.com/users/22906/summit-activities?summit=23250,"井原山(福岡,佐賀)",9
https://yamap.com/users/22906/summit-activities?summit=24571,鹿嵐山（雄岳）(大分),1
https://yamap.com/users/22906/summit-activities?summit=89146,鹿嵐山(雌岳)(大分),1
https://yamap.com/users/22906/summit-activities?summit=74681,英彦山(北岳)(福岡),4
https://yamap.com/users/22906/summit-activities?summit=26553,英彦山（南岳）(福岡),8
https://yamap.com/users/22906/summit-activities?summit=94542,大岳(福岡),3
https://yamap.com/users/22906/summit-activities?summit=23579,矢筈山(福岡),2
https://yamap.com/users/22906/summit-activities?summit=96865,風頭(福岡),2
https://yamap.com/users/22906/summit-activities?summit=23610,風師山（風頭）(福岡),2
https://yamap.com/users/22906/summit-activities?summit=85388,"三瀬山(福岡,佐賀)",3
https://yamap.com/users/22906/summit-activities?summit=85389,"城ノ山(福岡,佐賀)",3
https://yamap.com/users/22906/summit-activities?summit=23258,"金山(福岡,佐賀)",6
https://yamap.com/users/22906/summit-activities?summit=77830,"猟師岩山(福岡,佐賀)",5
https://yamap.com/users/22906/summit-activities?summit=23257,鬼ヶ鼻岩(福岡),7
https://yamap.com/users/22906/summit-activities?summit=24192,郡岳(長崎),2
https://yamap.com/users/22906/summit-activities?summit=63569,仏頂山(福岡),23
https://yamap.com/users/22906/summit-activities?summit=26869,北大船山(大分),5
https://yamap.com/users/22906/summit-activities?summit=22814,平治岳(大分),3
https://yamap.com/users/22906/summit-activities?summit=23336,飯盛山(福岡),4
https://yamap.com/users/22906/summit-activities?summit=82881,日向山(福岡),3
https://yamap.com/users/22906/summit-activities?summit=26881,高地山(福岡),3
https://yamap.com/users/22906/summit-activities?summit=23334,叶岳(福岡),3
https://yamap.com/users/22906/summit-activities?summit=23333,高祖山(福岡),3
https://yamap.com/users/22906/summit-activities?summit=24124,三ノ岳(熊本),1
https://yamap.com/users/22906/summit-activities?summit=24108,熊ノ岳(二ノ岳)(熊本),1
https://yamap.com/users/22906/summit-activities?summit=22440,金峰山(熊本),1
https://yamap.com/users/22906/summit-activities?summit=21345,大金峰(熊本),1
https://yamap.com/users/22906/summit-activities?summit=21346,小金峰(熊本),1
https://yamap.com/users/22906/summit-activities?summit=114977,西万年(大分),3
https://yamap.com/users/22906/summit-activities?summit=22860,万年山(大分),3
https://yamap.com/users/22906/summit-activities?summit=22919,伐株山(大分),1
https://yamap.com/users/22906/summit-activities?summit=90968,恩塚山(福岡),1
https://yamap.com/users/22906/summit-activities?summit=90972,猪熊山(福岡),1
https://yamap.com/users/22906/summit-activities?summit=85872,ソーエム山(福岡),1
https://yamap.com/users/22906/summit-activities?summit=85873,龍智山(福岡),1
https://yamap.com/users/22906/summit-activities?summit=90971,山の神(福岡),1
https://yamap.com/users/22906/summit-activities?summit=90970,隠山(福岡),1
https://yamap.com/users/22906/summit-activities?summit=72400,大久保山(福岡),1
https://yamap.com/users/22906/summit-activities?summit=72399,諫山(福岡),1
https://yamap.com/users/22906/summit-activities?summit=23532,高城山(福岡),1
https://yamap.com/users/22906/summit-activities?summit=88296,宮山(福岡),1
https://yamap.com/users/22906/summit-activities?summit=88284,石塚山(福岡),1
https://yamap.com/users/22906/summit-activities?summit=90967,御所山(福岡),1
https://yamap.com/users/22906/summit-activities?summit=106596,作礼山東峰（権現山）(佐賀),1
https://yamap.com/users/22906/summit-activities?summit=23152,作礼山(佐賀),1
https://yamap.com/users/22906/summit-activities?summit=85783,897ピーク(佐賀),1
https://yamap.com/users/22906/summit-activities?summit=23182,蛤岳(佐賀),3
https://yamap.com/users/22906/summit-activities?summit=23353,大城山(福岡),3
https://yamap.com/users/22906/summit-activities?summit=23358,大原山(福岡),3
https://yamap.com/users/22906/summit-activities?summit=63470,扇ヶ鼻(大分),1
https://yamap.com/users/22906/summit-activities?summit=22809,星生山(大分),4
https://yamap.com/users/22906/summit-activities?summit=22747,久住山(大分),6
https://yamap.com/users/22906/summit-activities?summit=23233,"女岳(福岡,佐賀)",4
https://yamap.com/users/22906/summit-activities?summit=23240,二丈岳(福岡),4
https://yamap.com/users/22906/summit-activities?summit=112821,本富士山(佐賀),4
https://yamap.com/users/22906/summit-activities?summit=80210,"富士山(福岡,佐賀)",4
https://yamap.com/users/22906/summit-activities?summit=23244,"雷山(福岡,佐賀)",4
https://yamap.com/users/22906/summit-activities?summit=23488,鷹取山(福岡),4
https://yamap.com/users/22906/summit-activities?summit=96785,弥勒尾の峰(福岡),1
https://yamap.com/users/22906/summit-activities?summit=23543,湯川山(福岡),4
https://yamap.com/users/22906/summit-activities?summit=73410,松尾ピーク(福岡),4
https://yamap.com/users/22906/summit-activities?summit=23541,孔大寺山(福岡),4
https://yamap.com/users/22906/summit-activities?summit=83911,坂名山(福岡),1
https://yamap.com/users/22906/summit-activities?summit=89269,一ノ岳(福岡),1
https://yamap.com/users/22906/summit-activities?summit=23267,陣ノ尾岳(福岡),1
https://yamap.com/users/22906/summit-activities?summit=23266,成竹山(福岡),1
https://yamap.com/users/22906/summit-activities?summit=63377,鷲ヶ岳(福岡),1
https://yamap.com/users/22906/summit-activities?summit=81009,矢吹岳(福岡),1
https://yamap.com/users/22906/summit-activities?summit=90174,大丸山(福岡),1
https://yamap.com/users/22906/summit-activities?summit=81004,隆岳(福岡),1
https://yamap.com/users/22906/summit-activities?summit=23349,砥石山(福岡),10
https://yamap.com/users/22906/summit-activities?summit=63570,前砥石山(福岡),10
https://yamap.com/users/22906/summit-activities?summit=24386,高良山(福岡),6
https://yamap.com/users/22906/summit-activities?summit=26546,中岳(熊本),3
https://yamap.com/users/22906/summit-activities?summit=22663,高岳(熊本),3
https://yamap.com/users/22906/summit-activities?summit=74306,八丁山(福岡),1
https://yamap.com/users/22906/summit-activities?summit=74257,川原山(福岡),1
https://yamap.com/users/22906/summit-activities?summit=74304,飯場山(福岡),1
https://yamap.com/users/22906/summit-activities?summit=22447,冠ヶ岳(熊本),1
https://yamap.com/users/22906/summit-activities?summit=75803,二ノ峯(熊本),1
https://yamap.com/users/22906/summit-activities?summit=24077,一ノ峯(熊本),1
https://yamap.com/users/22906/summit-activities?summit=21347,京丈山(熊本),1
https://yamap.com/users/22906/summit-activities?summit=21344,雁俣山(熊本),1
https://yamap.com/users/22906/summit-activities?summit=26867,鳴子山(大分),1
https://yamap.com/users/22906/summit-activities?summit=63471,三俣山（南峰）(大分),6
https://yamap.com/users/22906/summit-activities?summit=82683,三俣山（北峰）(大分),2
https://yamap.com/users/22906/summit-activities?summit=22805,三俣山（本峰）(大分),6
https://yamap.com/users/22906/summit-activities?summit=85875,三俣山（Ⅳ峰）(大分),6
https://yamap.com/users/22906/summit-activities?summit=63481,三俣山（西峰）(大分),6
https://yamap.com/users/22906/summit-activities?summit=23294,馬見山(福岡),1
https://yamap.com/users/22906/summit-activities?summit=23291,屏山(福岡),1
https://yamap.com/users/22906/summit-activities?summit=77386,江川岳(福岡),1
https://yamap.com/users/22906/summit-activities?summit=111977,南岳(熊本),1
https://yamap.com/users/22906/summit-activities?summit=22664,楢尾岳(熊本),1
https://yamap.com/users/22906/summit-activities?summit=19124,"三嶺(徳島,高知)",1
https://yamap.com/users/22906/summit-activities?summit=73989,"カヤハゲ(東熊山)(徳島,高知)",1
https://yamap.com/users/22906/summit-activities?summit=73988,"平和丸(徳島,高知)",1
https://yamap.com/users/22906/summit-activities?summit=5453,高ノ瀬(徳島),1
https://yamap.com/users/22906/summit-activities?summit=74021,丸石(徳島),1
https://yamap.com/users/22906/summit-activities?summit=63329,次郎笈(徳島),1
https://yamap.com/users/22906/summit-activities?summit=26559,剣山(徳島),2
https://yamap.com/users/22906/summit-activities?summit=103346,二ノ森(徳島),1
https://yamap.com/users/22906/summit-activities?summit=5506,一ノ森(徳島),1
https://yamap.com/users/22906/summit-activities?summit=86619,前社ヶ森(愛媛),1
https://yamap.com/users/22906/summit-activities?summit=18982,剣山(愛媛),1
https://yamap.com/users/22906/summit-activities?summit=26557,天狗岳(愛媛),1
https://yamap.com/users/22906/summit-activities?summit=18985,石鎚山(愛媛),1
https://yamap.com/users/22906/summit-activities?summit=22710,遠見ヶ鼻(大観峰)(熊本),1
https://yamap.com/users/22906/summit-activities?summit=63393,根子岳東峰(熊本),1
https://yamap.com/users/22906/summit-activities?summit=26548,杵島岳(熊本),1
https://yamap.com/users/22906/summit-activities?summit=22666,烏帽子岳(熊本),1
https://yamap.com/users/22906/summit-activities?summit=91660,駒立山(熊本),1
https://yamap.com/users/22906/summit-activities?summit=24217,鞍岳（男岳）(熊本),1
https://yamap.com/users/22906/summit-activities?summit=24215,ツームシ山(熊本),1
https://yamap.com/users/22906/summit-activities?summit=83415,子岳(熊本),1
https://yamap.com/users/22906/summit-activities?summit=24218,矢護山(熊本),1
https://yamap.com/users/22906/summit-activities?summit=83414,女岳(熊本),1
https://yamap.com/users/22906/summit-activities?summit=23346,井野山(福岡),1
https://yamap.com/users/22906/summit-activities?summit=23471,犬鳴山(熊ヶ城)(福岡),9
https://yamap.com/users/22906/summit-activities?summit=91645,猪野(福岡),9
https://yamap.com/users/22906/summit-activities?summit=74081,高揚山(福岡),8
https://yamap.com/users/22906/summit-activities?summit=91295,三本柚子山(福岡),8
https://yamap.com/users/22906/summit-activities?summit=91294,砥石山(福岡),8
https://yamap.com/users/22906/summit-activities?summit=23475,西山(鮎坂山)(福岡),9
https://yamap.com/users/22906/summit-activities?summit=74099,辰ノヘラ(福岡),5
https://yamap.com/users/22906/summit-activities?summit=72269,往来岳(福岡),5
https://yamap.com/users/22906/summit-activities?summit=74082,草場岳(福岡),5
https://yamap.com/users/22906/summit-activities?summit=72270,御別館岳(福岡),5
https://yamap.com/users/22906/summit-activities?summit=72559,脇田岳(福岡),5
https://yamap.com/users/22906/summit-activities?summit=87953,諏訪山(福岡),1
https://yamap.com/users/22906/summit-activities?summit=63365,在自山(福岡),2
https://yamap.com/users/22906/summit-activities?summit=63366,宮地山(福岡),2
https://yamap.com/users/22906/summit-activities?summit=73833,英山(佐賀),1
https://yamap.com/users/22906/summit-activities?summit=72208,本城岳(前黒髪)(佐賀),1
https://yamap.com/users/22906/summit-activities?summit=22259,黒髪山(佐賀),1
https://yamap.com/users/22906/summit-activities?summit=86644,蛇焼山(佐賀),1
https://yamap.com/users/22906/summit-activities?summit=73834,後黒髪西峰(佐賀),1
https://yamap.com/users/22906/summit-activities?summit=73835,後黒髪東峰(佐賀),1
https://yamap.com/users/22906/summit-activities?summit=86643,青螺御前(佐賀),1
https://yamap.com/users/22906/summit-activities?summit=22254,青螺山(佐賀),1
https://yamap.com/users/22906/summit-activities?summit=23780,牧ノ山(佐賀),1
https://yamap.com/users/22906/summit-activities?summit=22233,腰岳(佐賀),1
https://yamap.com/users/22906/summit-activities?summit=22807,合頭山(大分),1
https://yamap.com/users/22906/summit-activities?summit=22808,猟師岳(大分),1
https://yamap.com/users/22906/summit-activities?summit=22801,涌蓋山(大分),2
https://yamap.com/users/22906/summit-activities?summit=74312,"女岳(熊本,大分)",2
https://yamap.com/users/22906/summit-activities?summit=26870,みそこぶし山(大分),2
https://yamap.com/users/22906/summit-activities?summit=22803,"一目山(熊本,大分)",2
https://yamap.com/users/22906/summit-activities?summit=23425,若杉山(福岡),13
https://yamap.com/users/22906/summit-activities?summit=79959,鬼岩谷(福岡),9
https://yamap.com/users/22906/summit-activities?summit=26872,由布岳（東峰）(大分),2
https://yamap.com/users/22906/summit-activities?summit=22946,由布岳（西峰・豊後富士）(大分),2
https://yamap.com/users/22906/summit-activities?summit=63601,日向岳(大分),1
https://yamap.com/users/22906/summit-activities?summit=22945,鶴見岳(大分),1
https://yamap.com/users/22906/summit-activities?summit=90885,水口山(大分),1
https://yamap.com/users/22906/summit-activities?summit=90886,青梅台(大分),1
https://yamap.com/users/22906/summit-activities?summit=23422,岳城山(福岡),3
https://yamap.com/users/22906/summit-activities?summit=25099,米ノ山(福岡),6
https://yamap.com/users/22906/summit-activities?summit=23344,片縄山(福岡),1
https://yamap.com/users/22906/summit-activities?summit=63600,糠塚山(福岡),1
https://yamap.com/users/22906/summit-activities?summit=23340,油山(福岡),2
https://yamap.com/users/22906/summit-activities?summit=23339,荒平山(福岡),2
https://yamap.com/users/22906/summit-activities?summit=24600,"雁股山(福岡,大分)",2
https://yamap.com/users/22906/summit-activities?summit=93095,"雁股山西峰(福岡,大分)",2
https://yamap.com/users/22906/summit-activities?summit=24602,"経読岳(福岡,大分)",1
https://yamap.com/users/22906/summit-activities?summit=23433,龍王山(福岡),2
https://yamap.com/users/22906/summit-activities?summit=78315,鹿の角(福岡),2
https://yamap.com/users/22906/summit-activities?summit=81524,猫の丸尾(福岡),2
https://yamap.com/users/22906/summit-activities?summit=134991,石楠花の頭(福岡),2
https://yamap.com/users/22906/summit-activities?summit=94831,"岳滅鬼岳(福岡,大分)",3
https://yamap.com/users/22906/summit-activities?summit=23311,"岳滅鬼山(福岡,大分)",3
https://yamap.com/users/22906/summit-activities?summit=89729,"浅間山(福岡,大分)",1
https://yamap.com/users/22906/summit-activities?summit=81010,"宝珠山(福岡,大分)",3
https://yamap.com/users/22906/summit-activities?summit=23301,釈迦ヶ岳(福岡),3
https://yamap.com/users/22906/summit-activities?summit=23303,大日ヶ岳(福岡),2
https://yamap.com/users/22906/summit-activities?summit=76063,陣尾山(福岡),2
https://yamap.com/users/22906/summit-activities?summit=23499,障子ヶ岳(福岡),1
https://yamap.com/users/22906/summit-activities?summit=164472,障子ヶ岳南峰(福岡),1
https://yamap.com/users/22906/summit-activities?summit=103351,浦山(福岡),1
https://yamap.com/users/22906/summit-activities?summit=23449,飯岳山(大坂山)(福岡),1
https://yamap.com/users/22906/summit-activities?summit=77681,薬師の頭(福岡),1
https://yamap.com/users/22906/summit-activities?summit=88419,愛宕山東峰(福岡),1
https://yamap.com/users/22906/summit-activities?summit=91464,山内ピーク(福岡),1
https://yamap.com/users/22906/summit-activities?summit=88418,西山(福岡),1
https://yamap.com/users/22906/summit-activities?summit=63363,愛宕山(福岡),1
https://yamap.com/users/22906/summit-activities?summit=91458,高山(福岡),1
https://yamap.com/users/22906/summit-activities?summit=91459,赤松台(福岡),1
https://yamap.com/users/22906/summit-activities?summit=91461,岩嵓(福岡),1
https://yamap.com/users/22906/summit-activities?summit=63364,小富士山(福岡),1
https://yamap.com/users/22906/summit-activities?summit=91460,小富士前山(福岡),1
https://yamap.com/users/22906/summit-activities?summit=91463,鶴が峠(福岡),1
https://yamap.com/users/22906/summit-activities?summit=91462,懐良台(福岡),1
https://yamap.com/users/22906/summit-activities?summit=87233,南峰(長崎),1
https://yamap.com/users/22906/summit-activities?summit=158698,小天狗(長崎),1
https://yamap.com/users/22906/summit-activities?summit=22414,天狗山(長崎),1
https://yamap.com/users/22906/summit-activities?summit=22410,七面山(眉山)(長崎),1
https://yamap.com/users/22906/summit-activities?summit=22403,吾妻岳(長崎),1
https://yamap.com/users/22906/summit-activities?summit=22420,妙見岳(長崎),3
https://yamap.com/users/22906/summit-activities?summit=22421,国見岳(長崎),3
https://yamap.com/users/22906/summit-activities?summit=22415,普賢岳（雲仙岳）(長崎),3
https://yamap.com/users/22906/summit-activities?summit=95667,立岩の峰(長崎),2
https://yamap.com/users/22906/summit-activities?summit=21755,風頭山(長崎),2
https://yamap.com/users/22906/summit-activities?summit=23524,雲取山(福岡),1
https://yamap.com/users/22906/summit-activities?summit=24224,大間山(福岡),1
https://yamap.com/users/22906/summit-activities?summit=83924,"荒平山(福岡,熊本)",1
https://yamap.com/users/22906/summit-activities?summit=24232,"三池山(福岡,熊本)",1
https://yamap.com/users/22906/summit-activities?summit=24207,筒ヶ岳(熊本),1
https://yamap.com/users/22906/summit-activities?summit=24208,観音岳(熊本),1
https://yamap.com/users/22906/summit-activities?summit=24206,丸山(熊本),1
https://yamap.com/users/22906/summit-activities?summit=63315,大平山(福岡),2
https://yamap.com/users/22906/summit-activities?summit=23529,塔ヶ峯(福岡),1
https://yamap.com/users/22906/summit-activities?summit=75283,四方台(福岡),2
https://yamap.com/users/22906/summit-activities?summit=23530,貫山(福岡),2
https://yamap.com/users/22906/summit-activities?summit=23528,水晶山(福岡),1
https://yamap.com/users/22906/summit-activities?summit=63663,偽水晶山(福岡),1
https://yamap.com/users/22906/summit-activities?summit=63666,広谷台(福岡),1
https://yamap.com/users/22906/summit-activities?summit=63317,岩山(福岡),1
https://yamap.com/users/22906/summit-activities?summit=63662,権現山(福岡),1
https://yamap.com/users/22906/summit-activities?summit=63316,周防台(福岡),1
https://yamap.com/users/22906/summit-activities?summit=63304,桶ヶ辻(福岡),1
https://yamap.com/users/22906/summit-activities?summit=75285,矢山(椿原)(福岡),1
https://yamap.com/users/22906/summit-activities?summit=108439,天狗岩(福岡),1
https://yamap.com/users/22906/summit-activities?summit=74804,貝殻山(福岡),1
https://yamap.com/users/22906/summit-activities?summit=75282,堂金山(福岡),1
https://yamap.com/users/22906/summit-activities?summit=75281,不動山(福岡),1
https://yamap.com/users/22906/summit-activities?summit=75280,風神山(福岡),1
https://yamap.com/users/22906/summit-activities?summit=75278,大行事山(福岡),1
https://yamap.com/users/22906/summit-activities?summit=75277,大かんの台(福岡),1
https://yamap.com/users/22906/summit-activities?summit=75276,三笠台(福岡),1
https://yamap.com/users/22906/summit-activities?summit=23493,塔ヶ峰(福岡),1
https://yamap.com/users/22906/summit-activities?summit=75279,七ツ森(福岡),1
https://yamap.com/users/22906/summit-activities?summit=63619,ラクダ山(福岡),1
https://yamap.com/users/22906/summit-activities?summit=79709,高城(大分),1
https://yamap.com/users/22906/summit-activities?summit=81519,蟹足岳(熊本),1
https://yamap.com/users/22906/summit-activities?summit=24245,八方ヶ岳(熊本),1
https://yamap.com/users/22906/summit-activities?summit=24293,"三国山(福岡,熊本,大分)",1
https://yamap.com/users/22906/summit-activities?summit=24294,国見山(熊本),1
https://yamap.com/users/22906/summit-activities?summit=24397,鷹取山(福岡),2
https://yamap.com/users/22906/summit-activities?summit=23242,獅子舞岳(福岡),1
https://yamap.com/users/22906/summit-activities?summit=23246,羽金山(佐賀),1
https://yamap.com/users/22906/summit-activities?summit=72215,"河童山(福岡,佐賀)",2
https://yamap.com/users/22906/summit-activities?summit=24356,釈迦岳(普賢岳)(大分),1
https://yamap.com/users/22906/summit-activities?summit=63543,"釈迦岳(本釈迦)(福岡,大分)",2
https://yamap.com/users/22906/summit-activities?summit=24345,"御前岳(権現岳)(福岡,大分)",2
https://yamap.com/users/22906/summit-activities?summit=63522,"カラ迫岳(高嶺山)(福岡,大分)",2
https://yamap.com/users/22906/summit-activities?summit=24352,平野岳(福岡),1
https://yamap.com/users/22906/summit-activities?summit=24344,石割岳(福岡),1
https://yamap.com/users/22906/summit-activities?summit=24385,吉見岳(福岡),1
https://yamap.com/users/22906/summit-activities?summit=74079,月見山(福岡),5
https://yamap.com/users/22906/summit-activities?summit=63361,三高山(福岡),1
https://yamap.com/users/22906/summit-activities?summit=63360,白馬山(福岡),1
https://yamap.com/users/22906/summit-activities?summit=63359,大法山(福岡),1
https://yamap.com/users/22906/summit-activities?summit=23345,観音山(福岡),1
https://yamap.com/users/22906/summit-activities?summit=91091,中原山(福岡),1
https://yamap.com/users/22906/summit-activities?summit=63376,石割山(福岡),1
https://yamap.com/users/22906/summit-activities?summit=163804,牛の尾山(福岡),1
https://yamap.com/users/22906/summit-activities?summit=65965,牛の背山(福岡),2
https://yamap.com/users/22906/summit-activities?summit=23269,牛頸山(福岡),2
https://yamap.com/users/22906/summit-activities?summit=104551,三市町山(福岡),3
https://yamap.com/users/22906/summit-activities?summit=23270,黒金山(福岡),3
https://yamap.com/users/22906/summit-activities?summit=98703,前黒金山(福岡),3
https://yamap.com/users/22906/summit-activities?summit=63306,大佐野山(福岡),3
https://yamap.com/users/22906/summit-activities?summit=23426,飯盛山(福岡),1
https://yamap.com/users/22906/summit-activities?summit=89524,大倉嶺(福岡),1
https://yamap.com/users/22906/summit-activities?summit=23420,三ッ頭山(福岡),1
https://yamap.com/users/22906/summit-activities?summit=23432,菅嶽(福岡),1
https://yamap.com/users/22906/summit-activities?summit=23428,鉾立山(福岡),3
https://yamap.com/users/22906/summit-activities?summit=23429,畝原山(福岡),2
https://yamap.com/users/22906/summit-activities?summit=22750,稲星山(大分),4
https://yamap.com/users/22906/summit-activities?summit=20302,下山岳(鹿児島),1
https://yamap.com/users/22906/summit-activities?summit=20260,開聞岳(鹿児島),2
https://yamap.com/users/22906/summit-activities?summit=91282,三又山(福岡),1
https://yamap.com/users/22906/summit-activities?summit=23468,本木山(福岡),1
https://yamap.com/users/22906/summit-activities?summit=23513,城山(福岡),4
https://yamap.com/users/22906/summit-activities?summit=72168,金山南岳(福岡),3
https://yamap.com/users/22906/summit-activities?summit=63370,金山北岳(福岡),3
https://yamap.com/users/22906/summit-activities?summit=92015,アクロス山(福岡),2
https://yamap.com/users/22906/summit-activities?summit=23188,"九千部山(福岡,佐賀)",4
https://yamap.com/users/22906/summit-activities?summit=23272,権現山(福岡),1
https://yamap.com/users/22906/summit-activities?summit=21571,烏帽子岳(熊本),1
https://yamap.com/users/22906/summit-activities?summit=21572,"五勇山(熊本,宮崎)",1
https://yamap.com/users/22906/summit-activities?summit=85370,"小国見岳(熊本,宮崎)",1
https://yamap.com/users/22906/summit-activities?summit=21570,"国見岳(熊本,宮崎)",1
https://yamap.com/users/22906/summit-activities?summit=23480,六ヶ岳(福岡),2
https://yamap.com/users/22906/summit-activities?summit=87161,龍ヶ岳北峰(福岡),2
https://yamap.com/users/22906/summit-activities?summit=77686,龍ヶ岳(福岡),2
https://yamap.com/users/22906/summit-activities?summit=63524,猿田山(福岡),2
https://yamap.com/users/22906/summit-activities?summit=80307,出穂ノ峰(福岡),2
https://yamap.com/users/22906/summit-activities?summit=80308,高祖ノ峰(福岡),2
https://yamap.com/users/22906/summit-activities?summit=80310,天冠ノ峰(福岡),2
https://yamap.com/users/22906/summit-activities?summit=80311,崎門ノ峰(福岡),2
https://yamap.com/users/22906/summit-activities?summit=80309,羽衣ノ峰(福岡),2
https://yamap.com/users/22906/summit-activities?summit=26880,鐘撞山(福岡),2
https://yamap.com/users/22906/summit-activities?summit=22749,中岳(大分),5
https://yamap.com/users/22906/summit-activities?summit=26873,天狗ヶ城(大分),5
https://yamap.com/users/22906/summit-activities?summit=81697,飯盛ヶ城(大分),1
https://yamap.com/users/22906/summit-activities?summit=86357,"釈迦岳(福岡,大分)",1
https://yamap.com/users/22906/summit-activities?summit=24598,"犬ヶ岳(福岡,大分)",1
https://yamap.com/users/22906/summit-activities?summit=86356,"二ノ岳(福岡,大分)",1
https://yamap.com/users/22906/summit-activities?summit=75816,"一ノ岳(福岡,大分)",1
https://yamap.com/users/22906/summit-activities?summit=86355,世須岳(福岡),1
https://yamap.com/users/22906/summit-activities?summit=24596,求菩提山(福岡),1
https://yamap.com/users/22906/summit-activities?summit=20635,高千穂峰（霧島山）(宮崎),1
https://yamap.com/users/22906/summit-activities?summit=76024,御鉢(宮崎),1
https://yamap.com/users/22906/summit-activities?summit=20655,"韓国岳（霧島山）(宮崎,鹿児島)",2
https://yamap.com/users/22906/summit-activities?summit=74071,グライダー山(福岡),1
https://yamap.com/users/22906/summit-activities?summit=74070,白山(福岡),1
https://yamap.com/users/22906/summit-activities?summit=24396,発心山(福岡),1
https://yamap.com/users/22906/summit-activities?summit=87753,冨野山(福岡),2
https://yamap.com/users/22906/summit-activities?summit=81986,谷山(福岡),2
https://yamap.com/users/22906/summit-activities?summit=108438,大台ヶ原(福岡),2
https://yamap.com/users/22906/summit-activities?summit=25169,戸ノ上山(福岡),2
https://yamap.com/users/22906/summit-activities?summit=72871,不動山(福岡),1
https://yamap.com/users/22906/summit-activities?summit=23609,三角山(福岡),1
https://yamap.com/users/22906/summit-activities?summit=83988,前岳(佐賀),2
https://yamap.com/users/22906/summit-activities?summit=83989,多良岳(佐賀),2
https://yamap.com/users/22906/summit-activities?summit=24197,国見岳(佐賀),2
https://yamap.com/users/22906/summit-activities?summit=91469,"笹岳南峰(佐賀,長崎)",2
https://yamap.com/users/22906/summit-activities?summit=83985,"笹岳(佐賀,長崎)",2
https://yamap.com/users/22906/summit-activities?summit=97828,笹岳（北峰）(佐賀),2
https://yamap.com/users/22906/summit-activities?summit=24194,"経ヶ岳(佐賀,長崎)",2
https://yamap.com/users/22906/summit-activities?summit=83987,"釜伏山(佐賀,長崎)",1
https://yamap.com/users/22906/summit-activities?summit=24193,遠目山(長崎),1
https://yamap.com/users/22906/summit-activities?summit=63362,大目配(福岡),2
https://yamap.com/users/22906/summit-activities?summit=86946,京王山(福岡),1
https://yamap.com/users/22906/summit-activities?summit=86945,鬼王山(福岡),1
https://yamap.com/users/22906/summit-activities?summit=86944,富谷山(福岡),1
https://yamap.com/users/22906/summit-activities?summit=86943,久山(福岡),1
https://yamap.com/users/22906/summit-activities?summit=89730,上畑山(福岡),1
https://yamap.com/users/22906/summit-activities?summit=86578,小つぶら(福岡),8
https://yamap.com/users/22906/summit-activities?summit=87679,奥深立山(福岡),1
https://yamap.com/users/22906/summit-activities?summit=23470,遠見岳(福岡),1
https://yamap.com/users/22906/summit-activities?summit=87678,神路山(福岡),1
https://yamap.com/users/22906/summit-activities?summit=84707,天狗岩(大分),1
https://yamap.com/users/22906/summit-activities?summit=22821,高塚山（黒岳）(大分),1
https://yamap.com/users/22906/summit-activities?summit=23186,五ヶ山(福岡),2
https://yamap.com/users/22906/summit-activities?summit=23187,石谷山(佐賀),2
https://yamap.com/users/22906/summit-activities?summit=81011,雨山(佐賀),1
https://yamap.com/users/22906/summit-activities?summit=23157,天山(佐賀),1
https://yamap.com/users/22906/summit-activities?summit=23159,彦岳(佐賀),1
https://yamap.com/users/22906/summit-activities?summit=24387,明星山(福岡),6
https://yamap.com/users/22906/summit-activities?summit=24389,白金山(福岡),4
https://yamap.com/users/22906/summit-activities?summit=81074,高根山(福岡),1
https://yamap.com/users/22906/summit-activities?summit=85120,向耳納(福岡),2
https://yamap.com/users/22906/summit-activities?summit=87381,鳥越山(福岡),5
https://yamap.com/users/22906/summit-activities?summit=25082,城ノ越山(南峰)(福岡),4
https://yamap.com/users/22906/summit-activities?summit=23356,水瓶山(福岡),1
https://yamap.com/users/22906/summit-activities?summit=23355,岩屋山(福岡),2
https://yamap.com/users/22906/summit-activities?summit=15146,高月山(沖縄),1
https://yamap.com/users/22906/summit-activities?summit=86577,大つぶら(福岡),5
https://yamap.com/users/22906/summit-activities?summit=23235,"浮嶽(福岡,佐賀)",3
https://yamap.com/users/22906/summit-activities?summit=23230,"十坊山(福岡,佐賀)",3
https://yamap.com/users/22906/summit-activities?summit=86639,愛宕山(長崎),1
https://yamap.com/users/22906/summit-activities?summit=21751,英彦山（彦山）(長崎),1
https://yamap.com/users/22906/summit-activities?summit=21790,烽火山(長崎),1
https://yamap.com/users/22906/summit-activities?summit=86640,健山(長崎),1
https://yamap.com/users/22906/summit-activities?summit=21789,金比羅山(長崎),1
https://yamap.com/users/22906/summit-activities?summit=23462,三本松山(福岡),1
https://yamap.com/users/22906/summit-activities?summit=86576,小一足(福岡),5
https://yamap.com/users/22906/summit-activities?summit=86575,大一足(福岡),5
https://yamap.com/users/22906/summit-activities?summit=83979,城ノ越山(北峰)(福岡),2
https://yamap.com/users/22906/summit-activities?summit=87590,小伊藤山(福岡),2
https://yamap.com/users/22906/summit-activities?summit=63415,建郷山(福岡),2
https://yamap.com/users/22906/summit-activities?summit=63416,白畑山(福岡),2
https://yamap.com/users/22906/summit-activities?summit=63417,音滝山(福岡),2
https://yamap.com/users/22906/summit-activities?summit=78209,尺岳(福岡),1
https://yamap.com/users/22906/summit-activities?summit=101440,赤松台(福岡),2
https://yamap.com/users/22906/summit-activities?summit=80968,赤牟田の辻(福岡),3
https://yamap.com/users/22906/summit-activities?summit=80969,焼立山(福岡),3
https://yamap.com/users/22906/summit-activities?summit=80970,山犬の峠(福岡),2
https://yamap.com/users/22906/summit-activities?summit=23491,牛斬山(福岡),3
https://yamap.com/users/22906/summit-activities?summit=90966,鷹巣山(福岡),2
https://yamap.com/users/22906/summit-activities?summit=23264,城山(福岡),1
https://yamap.com/users/22906/summit-activities?summit=23265,矢岳(福岡),1
https://yamap.com/users/22906/summit-activities?summit=76678,"三ノ岳(福岡,大分)",2
https://yamap.com/users/22906/summit-activities?summit=76677,"二ノ岳(福岡,大分)",2
https://yamap.com/users/22906/summit-activities?summit=24895,"鷹ノ巣山(福岡,大分)",2
https://yamap.com/users/22906/summit-activities?summit=23279,砥上岳(福岡),1
https://yamap.com/users/22906/summit-activities?summit=23362,大根地山(福岡),1
https://yamap.com/users/22906/summit-activities?summit=23481,笠置山(福岡),1
https://yamap.com/users/22906/summit-activities?summit=23285,大平山(福岡),1
https://yamap.com/users/22906/summit-activities?summit=23286,安見ヶ城山(福岡),1
https://yamap.com/users/22906/summit-activities?summit=152882,高見岳(長崎),1
https://yamap.com/users/22906/summit-activities?summit=152883,女岳(長崎),1
https://yamap.com/users/22906/summit-activities?summit=22128,虚空蔵山(虚空蔵岳)(長崎),1
https://yamap.com/users/22906/summit-activities?summit=23322,立石山(福岡),1
https://yamap.com/users/22906/summit-activities?summit=23325,可也山(福岡),1
https://yamap.com/users/22906/summit-activities?summit=24605,"大平山(福岡,大分)",1
https://yamap.com/users/22906/summit-activities?summit=90577,尾立山(福岡),1
https://yamap.com/users/22906/summit-activities?summit=23508,許斐山(福岡),1
https://yamap.com/users/22906/summit-activities?summit=22411,九千部岳(長崎),1
https://yamap.com/users/22906/summit-activities?summit=85925,"舞岳(佐賀,長崎)",1
https://yamap.com/users/22906/summit-activities?summit=23290,古処山(福岡),3
https://yamap.com/users/22906/summit-activities?summit=89544,"えびの岳(宮崎,鹿児島)",2
https://yamap.com/users/22906/summit-activities?summit=95972,"日添岳(宮崎,鹿児島)",2
https://yamap.com/users/22906/summit-activities?summit=87382,葛葉山(福岡),1
https://yamap.com/users/22906/summit-activities?summit=22802,泉水山(大分),1
https://yamap.com/users/22906/summit-activities?summit=75812,上泉水山(大分),1
https://yamap.com/users/22906/summit-activities?summit=22804,黒岩山(大分),1
https://yamap.com/users/22906/summit-activities?summit=20654,白鳥山(宮崎),1
https://yamap.com/users/22906/summit-activities?summit=21733,八郎岳(長崎),1
https://yamap.com/users/22906/summit-activities?summit=20857,小八郎岳(長崎),1
https://yamap.com/users/22906/summit-activities?summit=63557,栗柄山(福岡),1
https://yamap.com/users/22906/summit-activities?summit=21214,次郎丸嶽(熊本),1
https://yamap.com/users/22906/summit-activities?summit=21213,太郎丸嶽(熊本),1
https://yamap.com/users/22906/summit-activities?summit=118344,茨山(福岡),1
https://yamap.com/users/22906/summit-activities?summit=163803,髙地山(福岡),1
https://yamap.com/users/22906/summit-activities?summit=72207,妙見山(福岡),1
https://yamap.com/users/22906/summit-activities?summit=114545,ヒラキ坊主(大分),1
https://yamap.com/users/22906/summit-activities?summit=24358,渡神岳(大分),1
https://yamap.com/users/22906/summit-activities?summit=87950,貴船山(福岡),1
https://yamap.com/users/22906/summit-activities?summit=23566,権現山(福岡),1
